{
    "80": [
        19964484.05679191,
        9000000.0,
        700000.0,
        100000.0
    ],
    "dibujo": [
        33391906.641518615,
        100000.0,
        5000000.0,
        100000.0
    ],
    "segmentaci\u00f3n": [
        40804464.86456355,
        5000000.0,
        100000.0,
        8000000.0
    ]
}